Wall time,Step,Value
1719708556.5629265,0,28.83025550842285
1719709796.990454,9,18.96474266052246
1719711164.151872,19,16.841373443603516
1719712532.1474745,29,16.222179412841797
1719713898.418311,39,15.25843334197998
1719715266.9806662,49,14.675386428833008
1719716633.2161407,59,14.268505096435547
1719718002.2735436,69,13.899109840393066
1719719367.1401668,79,13.670114517211914
1719720735.5935,89,13.483577728271484
1719721977.523655,98,13.372053146362305
1719722204.810269,99,13.380877494812012
