Wall time,Step,Value
1719722462.313308,0,30.732810974121094
1719723709.2635603,9,20.06197738647461
1719725081.0007591,19,17.346981048583984
1719726462.2054045,29,17.010074615478516
1719727843.0715616,39,15.73487663269043
1719729224.5011759,49,15.085674285888672
1719730605.082141,59,14.450067520141602
1719731986.5583313,69,14.094830513000488
1719733367.4138682,79,13.782418251037598
1719734747.5172648,89,13.629128456115723
1719736000.101236,98,13.543413162231445
1719736229.5648897,99,13.53693675994873
