Wall time,Step,Value
1719708556.563385,0,0.9494017958641052
1719709796.9908156,9,0.9970526695251465
1719711164.1522558,19,0.9990708827972412
1719712532.147746,29,0.999626636505127
1719713898.418499,39,0.9995465874671936
1719715266.9808183,49,0.9994398951530457
1719716633.2165017,59,0.9993420839309692
1719718002.27391,69,0.999519944190979
1719719367.1404958,79,0.99956876039505
1719720735.5937834,89,0.9994932413101196
1719721977.5240057,98,0.9994710087776184
1719722204.810609,99,0.9994398951530457
