Wall time,Step,Value
1719708556.5633028,0,0.1615075320005417
1719709796.9905438,9,0.844340443611145
1719711164.1519659,19,0.9835526943206787
1719712532.1475718,29,0.9538490176200867
1719713898.418422,39,0.9967105388641357
1719715266.9807684,49,1.0
1719716633.2162418,59,1.0
1719718002.273649,69,1.0
1719719367.1402664,79,1.0
1719720735.5936,89,1.0
1719721977.5237594,98,1.0
1719722204.8103716,99,1.0
