Wall time,Step,Value
1719201119.3861518,0,27.095314025878906
1719202460.7370193,9,17.153635025024414
1719203935.9506714,19,14.209490776062012
1719205408.1513126,29,13.621767044067383
1719206879.6496842,39,12.02174186706543
1719208358.8265572,49,11.260765075683594
1719209835.7888107,59,10.502378463745117
1719211315.1704013,69,9.970582962036133
1719212796.898689,79,9.526514053344727
1719214280.0524817,89,9.202730178833008
1719215618.1944175,98,8.973856925964355
1719215862.381788,99,8.924506187438965
