Wall time,Step,Value
1719171209.4893982,0,26.351900100708008
1719172535.7329504,9,17.081174850463867
1719173997.5287364,19,14.083972930908203
1719175487.4445326,29,12.659208297729492
1719176948.4912417,39,12.214336395263672
1719178412.3499877,49,11.115205764770508
1719179886.48982,59,10.515697479248047
1719181357.17691,69,9.907876968383789
1719182827.2289426,79,9.483570098876953
1719184296.9302843,89,9.214828491210938
1719185631.046707,98,9.003324508666992
1719185873.0412207,99,8.99418830871582
