Wall time,Step,Value
1719201119.386285,0,0.05007309839129448
1719202460.7371705,9,0.7423385977745056
1719203935.9508579,19,0.9801647663116455
1719205408.151468,29,0.9436994194984436
1719206879.6498647,39,0.9803475737571716
1719208358.8266857,49,0.9967105388641357
1719209835.7889307,59,1.0
1719211315.1705272,69,1.0
1719212796.8989055,79,1.0
1719214280.0526304,89,1.0
1719215618.1945603,98,1.0
1719215862.3821383,99,1.0
