Wall time,Step,Value
1719171209.4895983,0,0.9263744354248047
1719172535.7332833,9,0.9930206537246704
1719173997.529113,19,0.9969504475593567
1719175487.4455974,29,0.999497652053833
1719176948.492042,39,0.998786449432373
1719178412.350484,49,0.99869304895401
1719179886.4900534,59,0.9984485507011414
1719181357.1774979,69,0.997843861579895
1719182827.2294185,79,0.9977372288703918
1719184296.9307847,89,0.9979062080383301
1719185631.0469532,98,0.9978795051574707
1719185873.041741,99,0.9977994561195374
