Wall time,Step,Value
1719201119.386705,0,0.039951641112565994
1719202460.7376068,9,0.0
1719203935.9514089,19,0.052828386425971985
1719205408.1522064,29,0.03930499404668808
1719206879.6501505,39,0.2176956832408905
1719208358.8271194,49,0.42200854420661926
1719209835.7892644,59,0.5343145728111267
1719211315.1709054,69,0.7030476927757263
1719212796.899429,79,0.8215811848640442
1719214280.052992,89,0.9011049270629883
1719215618.1949515,98,0.9475230574607849
1719215862.3823276,99,0.9409440755844116
