Wall time,Step,Value
1719186140.809739,0,28.662242889404297
1719187478.960522,9,16.838459014892578
1719188952.5110362,19,13.797215461730957
1719190424.0338838,29,13.169004440307617
1719191898.6702032,39,11.65941047668457
1719193370.5195746,49,10.899431228637695
1719194857.2518826,59,10.535628318786621
1719196324.2231107,69,9.857979774475098
1719197792.9698393,79,9.550968170166016
1719199262.432488,89,9.200152397155762
1719200592.088057,98,8.92868423461914
1719200839.3406672,99,8.933791160583496
