Wall time,Step,Value
1719201119.386617,0,0.93870609998703
1719202460.7375364,9,0.9999955892562866
1719203935.951236,19,0.9996132254600525
1719205408.1521406,29,0.9996888637542725
1719206879.6500838,39,0.9987063407897949
1719208358.8269932,49,0.9983106255531311
1719209835.7891774,59,0.9985997080802917
1719211315.1708138,69,0.9983596205711365
1719212796.898962,79,0.9984574913978577
1719214280.0529108,89,0.9981907606124878
1719215618.1948278,98,0.9979373216629028
1719215862.382218,99,0.9981062412261963
