Wall time,Step,Value
1719186140.8100429,0,0.9609867930412292
1719187478.960759,9,0.9975194931030273
1719188952.5115092,19,0.9993910193443298
1719190424.0344958,29,0.9994220733642578
1719191898.6707458,39,0.999195396900177
1719193370.5201638,49,0.9984663128852844
1719194857.252412,59,0.9983373880386353
1719196324.2235374,69,0.9983506798744202
1719197792.9702806,79,0.9982039928436279
1719199262.4329174,89,0.9980751276016235
1719200592.0883021,98,0.9980350732803345
1719200839.3413372,99,0.9980084300041199
