Wall time,Step,Value
1719179548.7230122,0,0.01986226625740528
1719180817.9826355,9,0.2873400151729584
1719182209.6281343,19,0.8591505289077759
1719183606.2695358,29,0.8720192313194275
1719184999.526566,39,0.9407151937484741
1719186393.5107307,49,0.9618642330169678
1719187788.4487305,59,0.9779616594314575
1719189186.7669115,69,0.9750825762748718
1719190577.9519706,79,0.9700164198875427
1719191974.1163986,89,0.9668402075767517
1719193235.8812642,98,0.9527808427810669
1719193467.2143543,99,0.9544414281845093
