Wall time,Step,Value
1719150976.4115586,0,0.011656712740659714
1719152255.9890268,9,0.3749684691429138
1719153666.4297132,19,0.7948311567306519
1719155087.124413,29,0.897148609161377
1719156507.0985506,39,0.9651680588722229
1719157918.4651203,49,0.9613280892372131
1719159314.3001404,59,0.9733671545982361
1719160714.9646928,69,0.9678245186805725
1719162114.2983441,79,0.9563766121864319
1719163515.7492592,89,0.9470441341400146
1719164786.9902658,98,0.936511218547821
1719165019.2638612,99,0.9348533153533936
