Wall time,Step,Value
1719150976.4114983,0,0.0005889840540476143
1719152255.9889789,9,0.07560466229915619
1719153666.4296753,19,0.21931694447994232
1719155087.1243696,29,0.2864096164703369
1719156507.0985084,39,0.4054548740386963
1719157918.465082,49,0.6871753334999084
1719159314.3000984,59,0.7017421126365662
1719160714.9646547,69,0.869462251663208
1719162114.2983015,79,0.9077001214027405
1719163515.7491431,89,0.9357507824897766
1719164786.9902287,98,0.9382543563842773
1719165019.2638235,99,0.9315682053565979
