Wall time,Step,Value
1719179548.722754,0,0.0430443100631237
1719180817.9819102,9,0.1777721494436264
1719182209.628,19,0.19495052099227905
1719183606.2692997,29,0.2274094671010971
1719184999.526336,39,0.3954116106033325
1719186393.5105834,49,0.47545546293258667
1719187788.4485595,59,0.706070065498352
1719189186.7668285,69,0.8286241292953491
1719190577.9518166,79,0.9410425424575806
1719191974.1162753,89,0.9870108366012573
1719193235.881096,98,0.9967948794364929
1719193467.2141964,99,0.9870108366012573
