Wall time,Step,Value
1719165275.1919608,0,0.9382259845733643
1719166546.246674,9,0.9981151223182678
1719167950.8583531,19,0.999350905418396
1719169352.5087364,29,0.9994220733642578
1719170751.2735853,39,0.9987508654594421
1719172160.2365394,49,0.9987108111381531
1719173565.0737488,59,0.9982039928436279
1719174974.5998287,69,0.9977861642837524
1719176381.0996037,79,0.9976528286933899
1719177776.395844,89,0.9974527955055237
1719179047.1384706,98,0.9975506067276001
1719179280.0588176,99,0.9975416660308838
