Wall time,Step,Value
1719165275.1922462,0,0.0021709015127271414
1719166546.2468433,9,0.09845826774835587
1719167950.8585105,19,0.2263873666524887
1719169352.5090675,29,0.368759423494339
1719170751.2737563,39,0.4796343147754669
1719172160.2366784,49,0.659707248210907
1719173565.073924,59,0.717965841293335
1719174974.6001122,69,0.8324723839759827
1719176381.0996811,79,0.9159098267555237
1719177776.3960066,89,0.9301901459693909
1719179047.1390111,98,0.934481680393219
1719179280.0589597,99,0.9332062005996704
