Wall time,Step,Value
1719179548.7226906,0,0.9258009791374207
1719180817.981833,9,0.9956212043762207
1719182209.6279063,19,0.9989508390426636
1719183606.2691298,29,0.9980707168579102
1719184999.5262547,39,0.998012900352478
1719186393.5105205,49,0.998741865158081
1719187788.4485168,59,0.9982707500457764
1719189186.7667856,69,0.99798184633255
1719190577.9517326,79,0.9977506399154663
1719191974.1162207,89,0.9976261854171753
1719193235.8810515,98,0.9974927306175232
1719193467.21415,99,0.9973549246788025
