Wall time,Step,Value
1719179548.7231617,0,0.013470089994370937
1719180817.9827838,9,0.0702035203576088
1719182209.628278,19,0.18448053300380707
1719183606.2696333,29,0.3732863962650299
1719184999.5266342,39,0.5783668756484985
1719186393.5107872,49,0.6514691114425659
1719187788.4488313,59,0.7980940341949463
1719189186.7670395,69,0.8793904781341553
1719190577.9520168,79,0.9186617732048035
1719191974.1164377,89,0.9288245439529419
1719193235.881322,98,0.9540179967880249
1719193467.2143912,99,0.9505502581596375
