Wall time,Step,Value
1719165275.1915646,0,21.276649475097656
1719166546.2463107,9,13.991406440734863
1719167950.8580055,19,12.68260383605957
1719169352.5085998,29,12.12962818145752
1719170751.27321,39,11.127638816833496
1719172160.2361343,49,10.464215278625488
1719173565.0733654,59,10.357929229736328
1719174974.5996747,69,9.7164306640625
1719176381.0994604,79,9.215805053710938
1719177776.3954818,89,8.871063232421875
1719179047.13832,98,8.79323673248291
1719179280.0584962,99,8.771116256713867
