Wall time,Step,Value
1719179548.7222092,0,21.179956436157227
1719180817.981427,9,14.070168495178223
1719182209.6274755,19,11.828948020935059
1719183606.2686749,29,11.48872184753418
1719184999.5259364,39,10.993494033813477
1719186393.5102384,49,10.868730545043945
1719187788.4481974,59,10.187573432922363
1719189186.7663724,69,9.461920738220215
1719190577.951449,79,9.334288597106934
1719191974.1158795,89,8.964921951293945
1719193235.8806443,98,8.796524047851562
1719193467.2137403,99,8.753976821899414
