Wall time,Step,Value
1719165275.1918476,0,0.07301507145166397
1719166546.2464128,9,0.6399010419845581
1719167950.8581202,19,0.890870988368988
1719169352.508695,29,0.9044787287712097
1719170751.2733202,39,0.986842155456543
1719172160.23626,49,0.9935054183006287
1719173565.0734756,59,1.0
1719174974.5997815,69,1.0
1719176381.0995622,79,1.0
1719177776.3955848,89,1.0
1719179047.138425,98,1.0
1719179280.0585933,99,1.0
