Wall time,Step,Value
1719165275.1923223,0,0.020719604566693306
1719166546.2468822,9,0.39375248551368713
1719167950.8585498,19,0.9688878655433655
1719169352.5091102,29,0.9542631506919861
1719170751.273818,39,0.9527716636657715
1719172160.236722,49,0.9545210599899292
1719173565.0739653,59,0.9628560543060303
1719174974.6002004,69,0.9745980501174927
1719176381.0997205,79,0.9491479396820068
1719177776.3960493,89,0.9418672919273376
1719179047.1393168,98,0.9534150958061218
1719179280.0590014,99,0.9546443223953247
