Wall time,Step,Value
1719179548.722556,0,0.029436573386192322
1719180817.9815674,9,0.6669337749481201
1719182209.6278267,19,0.9144455194473267
1719183606.269053,29,0.9270692467689514
1719184999.5261555,39,0.9967105388641357
1719186393.5104704,49,1.0
1719187788.448429,59,1.0
1719189186.7666807,69,1.0
1719190577.9515526,79,1.0
1719191974.1159768,89,1.0
1719193235.8809497,98,1.0
1719193467.214086,99,1.0
